Movie_id,year,title,genre
1087,1994.0,Monkey Trouble,
12404,1994.0,Uncovered,
10831,1972.0,The Thing With Two Heads,
14781,2004.0,"Ron White: They Call Me ""Tater Salad""",
4937,1995.0,Chinese Odyssey 1: Pandora's Box,
11312,1998.0,Mystery Kids,
4339,2000.0,Shadow of the Vampire,
15737,1982.0,Dario Argento Collection: Vol. 3: Tenebre,
737,2004.0,Great Pas de Deux,
102,2004.0,Notre Musique,
7519,2002.0,In Search of Ancient Ireland,
7076,2002.0,Ted Bundy,
7317,1996.0,Dark Secrets,
13968,1984.0,The Bostonians,
16826,1999.0,Sarah Brightman: One Night in Eden,
12598,1974.0,The Odessa File,
4027,1988.0,Police Academy 5: Assignment - Miami Beach,
3270,1993.0,Where the Rivers Flow North,
1348,2000.0,The Last Stop,
5761,2001.0,Dawson's Creek: Season 5,
9614,1979.0,Rocky II,
248,2001.0,Michael Moore's The Awful Truth: Season 2,
3288,1978.0,Wonder Woman: Season 3,
13048,1969.0,Battle of Britain,
15534,2001.0,Inu-Yasha: The Movie: Affections Touching Across Time,
8967,1978.0,Dead Kennedys: The Early Years Live,
5514,1999.0,Boy's Choir,
5419,1991.0,Cirque du Soleil: Nouvelle Experience,
17105,2000.0,Markova,
5059,1981.0,Outland,
14703,2004.0,ABBA: Super Troupers,
15883,1997.0,National Geographic: Tigers of the Snow,
11068,1996.0,Prime Suspect 5,
6680,2004.0,Galaxy Angel,
13972,2000.0,The Films of Charles & Ray Eames,
17209,1994.0,Holy Matrimony,
1163,1984.0,2010: The Year We Make Contact,
1721,2002.0,Waking Up in Reno,
15268,1985.0,The Hills Have Eyes 2,
7108,2005.0,Candide,
7052,2004.0,Masters of Poker: Vol. 1: Phil Hellmuth's Million Dollar Poker System,
17437,2004.0,Appleseed,
972,2003.0,Ben Harper: Live at the Hollywood Bowl,
15330,1957.0,Kronos,
10394,1973.0,The World's Greatest Athlete,
8214,2004.0,Wing Chun: Fighting Art,
11132,2003.0,The Texas Chainsaw Massacre,
9611,1959.0,Anatomy of a Murder,
11301,1973.0,The Wicker Man,
7668,2004.0,NFL Films Super Bowl Collection: Super Bowl XI-XX,
16992,1996.0,Emma,
4389,2003.0,A Man Apart,
4716,1970.0,Lovers and Other Strangers,
12005,1984.0,Iceman,
13814,1999.0,The Castle,
8394,2001.0,Marilyn Manson: Birth of the Anti-Christ,
14180,2005.0,Shackles,
14482,1995.0,12 Monkeys,
2821,1985.0,Twice in a Lifetime,
11636,1997.0,Chuck Close: A Portrait in Progress,
14242,1966.0,Alfie,
13713,1969.0,Dark Shadows: Vol. 12,
13322,2000.0,Escape Under Pressure,
2010,1963.0,The Courtship of Eddie's Father,
7535,1980.0,Sergeant Cribb: Set 1,
15773,2003.0,Aqua Teen Hunger Force: Vol. 3,
15438,2004.0,The Off Season,
10428,1984.0,Splash: 20th Anniversary Edition,
2361,2002.0,Sex,
7592,2001.0,The Surge,
7145,1984.0,Star Trek III: The Search for Spock,
10248,1999.0,Taxman,
11718,1988.0,Rent-A-Cop,
14942,1995.0,Unzipped,
15679,1994.0,Clerks: Bonus Material,
5504,1976.0,Charlie's Angels: Angels Under Covers,
14337,1988.0,Qayamat Se Qayamat Tak,
7018,2000.0,Baby Van Gogh,
16475,2002.0,Barney: Let's Go to the Zoo,
903,2000.0,Hamlet,
10187,2002.0,Lenny Kravitz: Live,
11137,1996.0,Bogus,
3834,2004.0,Straight Men and the Men Who Love Them,
13049,2002.0,The Jimmy Show,
2639,1999.0,Dragon Tales: We Can Work It Out,
13366,1989.0,For All Mankind,
10971,1949.0,Thieves' Highway,
11233,1975.0,Baretta: Season 1,
6099,1979.0,Apocalypse Now,
4187,1984.0,Hot Dog: The Movie,
6700,1997.0,Fallen Angel,
796,1976.0,Rabid,
5946,1977.0,Saturday Night Fever,
6175,1981.0,A Fine Romance: Set 1,
16219,2004.0,Baby for Sale,
11251,2002.0,Porn Theatre,
5083,1986.0,The Worst Witch,
968,1993.0,Dottie Gets Spanked,
11948,1973.0,Heavy Traffic,
11996,1972.0,Black Mama,
10896,2000.0,Errol Morris' First Person: The Complete Series,
3972,1984.0,Police Academy: Special Edition,
7627,2003.0,Once Upon a Time in Mexico,
14874,1980.0,Spetters,
3845,2005.0,Desperate Souls,
6334,2000.0,Things You Can Tell Just By Looking at Her,
11662,2004.0,The Sopranos: Season 5,
16228,1958.0,Chalti Ka Naam Gaadi,
14691,1999.0,The Matrix,
12702,1955.0,The Desperate Hours,
2555,2003.0,The Greatest '70s Cop Shows,
11929,1997.0,Anaconda,
6021,1977.0,Oh God!,
16206,1998.0,Goosebumps: Chillogy,
7079,2003.0,A Painted House,
3195,1998.0,Saving Private Ryan: Bonus Material,
12807,1994.0,The Magic School Bus: Human Body,
4978,2000.0,Freaks & Geeks: The Complete Series,
9501,2001.0,Lakeboat,
2792,1975.0,Aandhi,
16698,1986.0,Highlander,
6294,1991.0,Wildflower,
13789,2004.0,Thomas & Friends: New Friends for Thomas,
2617,2002.0,Ghost Ship,
11575,1971.0,Nicholas and Alexandra,
1040,2004.0,Thomas & Friends: Thomas's Snowy Surprise,
6352,1984.0,Conan the Destroyer,
89,2000.0,Chain of Command,
9526,2001.0,Juwanna Mann,
7972,2000.0,Dancing in September,
10167,1959.0,One Step Beyond,
9820,1990.0,Berkeley in the Sixties,
7975,2005.0,Saiyuki: The Movie: Requiem,
1397,2004.0,Beethoven: The Sound and the Fury,
16251,1965.0,A High Wind in Jamaica,
16509,2003.0,C-Walk: It's a Way of Livin',
9927,1986.0,Maximum Overdrive,
13737,2000.0,Paragraph 175,
6340,1986.0,Echo Park,
4801,2003.0,Darkness Falls,
9203,2000.0,Waiting for the Messiah,
13076,1948.0,Call Northside 777,
6505,1932.0,Dr. Jekyll & Mr. Hyde: 1932 & 1941,
5459,2000.0,Code Unknown,
128,1985.0,Mr. Vampire,
6282,1981.0,Madman,
8243,1996.0,Eddie,
60,1969.0,The Libertine,
16942,2003.0,Dragon Ball Z: Perfect Cell,
8485,1983.0,Death Ride to Osaka,
4094,1985.0,Doctor Who: Vengeance on Varos,
2003,1974.0,Truck Turner,
2086,2000.0,Endless Summer Revisited,
15467,2003.0,Jhankaar Beats,
17348,2002.0,Andromeda: Season 3,
9465,2004.0,The Fight: American Experience,
9320,1994.0,Iron Will,
6649,2002.0,Ozzy Osbourne: Live at Budokan,
4386,1985.0,The Return of the Living Dead,
11232,2003.0,Streetball Classics: Vol. 1,
4630,1996.0,House Arrest,
11061,1950.0,Halls of Montezuma,
5837,1999.0,Friends: Season 7,
11634,1986.0,Assassin,
8141,1985.0,Stephen King's Cat's Eye,
8146,1998.0,The Land Before Time VI: The Secret of Saurus Rock,
12818,1999.0,Payback,
5162,2002.0,Heaven,
5997,1988.0,Young Guns,
15368,1998.0,Blackjack,
11445,2002.0,Home Alone 4: Taking Back the House,
7440,2004.0,Jewel: Live at Humphrey's by the Bay,
10490,1999.0,Bravo Two Zero,
961,1957.0,Love in the Afternoon,
15588,1998.0,Reagan: American Experience,
1839,2001.0,The Caveman's Valentine,
10701,1985.0,Gotcha!,
15295,2004.0,Trauma,
14113,2003.0,Stitch! The Movie,
10839,2003.0,Picasso: Magic,
16535,1979.0,1941,
314,1985.0,Saturday Night Live: The Best of Jon Lovitz,
13314,2001.0,Sedona,
13299,2003.0,Mango Yellow,
5848,1995.0,Gunsmith Cats: Bulletproof,
17037,2002.0,The Cult: Live Cult: Music Without Fear,
17501,1955.0,Dr. Jekyll and Mr. Hyde,
15633,2000.0,The Thin Blue Lie,
1871,1982.0,Fela: Music Is the Weapon,
17362,1982.0,Evilspeak,
16222,2004.0,The Lion King 1 1/2,
16432,1991.0,Red Green: Stuffed and Mounted 2,
12565,2002.0,Super Sucker,
10309,2000.0,Turn It Up,
636,1980.0,Stir Crazy,
10207,1991.0,God of Gamblers III: Back to Shanghai,
12244,2002.0,The Good Girl,
14302,2000.0,The Sopranos: Season 2,
10979,1949.0,I Was a Male War Bride,
17220,2003.0,Prenatal Yoga,
3618,1998.0,Longest Nite,
8396,1991.0,Surviving Desire,
4878,2000.0,Lady and the Tramp II: Scamp's Adventure,
658,1991.0,Robin Hood: Prince of Thieves,
9125,2001.0,Hearts in Atlantis,
15890,1987.0,The Brave Little Toaster,
14825,1975.0,The Man Who Would Be King,
16889,1969.0,Take the Money and Run,
10484,1925.0,Sally of the Sawdust,
170,1972.0,Tomorrow,
17303,2004.0,We Don't Live Here Anymore,
8422,1998.0,Thomas & Friends: Cranky Bugs,
6085,1931.0,M,
6179,2005.0,Cookers,
1708,1936.0,Modern Times,
5862,2000.0,Memento,
11216,1991.0,Gundam 0083: Stardust Memory,
6163,1990.0,Betsy's Wedding,
201,2001.0,Home Movie,
1705,2004.0,Agatha Christie's Marple: Series 1,
5599,2004.0,George Harrison: The Dark Horse Years 1976-1992,
2910,1962.0,If a Man Answers,
2678,1996.0,Price of Desire,
14571,1999.0,Toy Story 2,
17699,1996.0,3rd Rock from the Sun: Season 1,
3861,2001.0,Jekyll & Hyde: The Musical,
6068,1993.0,Addams Family Values,
2009,1999.0,The Talented Mr. Ripley,
2299,1941.0,Shadow of the Thin Man,
16089,2004.0,Sherlock Holmes and the Case of the Silk Stocking,
12720,2000.0,Winter Sleepers,
8456,1999.0,Peter Frampton: Live in Detroit,
10388,1997.0,Gridlock'd,
124,2000.0,Cold Blooded,
2481,2004.0,Democracy University: DVD Series: Vol. 1,
17156,1957.0,Les Girls,
15675,1995.0,Anne Frank Remembered,
7705,1992.0,Final Analysis,
13409,1993.0,A Perfect World,
291,2000.0,Chained Heat 3: Hell Mountain,
7516,1958.0,Hidden Fortress,
2440,1976.0,Little House on the Prairie: Season 3,
104,1965.0,The Great Race,
15347,1993.0,House of Cards,
2663,2000.0,Swimming,
1625,1986.0,Aliens: Collector's Edition,
1870,1997.0,Late Bloomers,
17746,1991.0,Godzilla & Mothra: Battle for Earth / Vs. King Ghidora,
6952,2005.0,Gilgamesh,
477,1990.0,George Carlin: Personal Favorites,
17645,1999.0,Classic Albums: U2: The Joshua Tree,
13187,1949.0,Take Me Out to the Ball Game,
1451,1976.0,The Big Bus,
1731,2003.0,Jackie Chan: Who is He?,
6157,1997.0,Hoodlum,
14959,1999.0,The Jack Bull,
3078,1994.0,The Best of Friends: Season 2,
8133,2004.0,Yu-Gi-Oh!: Season 1,
6144,1991.0,Ranma 1/2: Big Trouble in Nekonron China,
9647,2002.0,Lisa Lampanelli: The Queen of Mean,
2827,1988.0,Depeche Mode: 101,
9854,2002.0,Battle of the X-Planes: Nova,
9966,1999.0,Better Than Chocolate,
9393,1940.0,Go West / The Big Store,
12619,1938.0,The Three Stooges: Healthy,
15353,1945.0,Sherlock Holmes: The House of Fear,
8726,1994.0,The Discoverers: IMAX,
11493,2000.0,Newsbreak,
9237,1990.0,The Witches,
8177,1988.0,Gorillas in the Mist,
10087,1997.0,Dr. Quinn,
5917,1980.0,Tinker,
10498,1998.0,Surrender Dorothy,
1322,2001.0,Yosemite: The World's Most Spectacular Valley,
12493,2001.0,Spy Game,
2302,1995.0,Clockers,
7489,1998.0,Portland Street Blues,
6707,1960.0,The Andy Griffith Show,
16643,1988.0,The Bourne Identity,
2335,1951.0,Father's Little Dividend,
1262,1982.0,Dead Men Don't Wear Plaid,
11821,1983.0,XTRO,
2282,2005.0,Disney Princess Stories: Vol. 2: Tales of Friendship,
1770,1995.0,Trainspotting,
5763,2004.0,Earthquake: Nature Unleashed,
5378,1927.0,My Best Girl,
14834,1958.0,Leonard Bernstein's Young People's Concerts,
12341,1960.0,Mughal-E-Azam,
7050,2002.0,Backflash,
6809,2005.0,Shabd,
323,1999.0,Modern Vampires,
17372,1998.0,Out of Season,
3257,1990.0,Takegami: Guardian of Darkness: War God,
857,1963.0,The Three Stooges Go Around the World in a Daze,
3486,1999.0,The Source,
11416,1975.0,Doctor Who: The Ark in Space,
7477,2002.0,Hunting Humans,
1990,2003.0,Killing Emmett Young,
4394,2001.0,Druids,
4603,1948.0,On Our Merry Way,
7301,1961.0,The Best of Mr. Peabody & Sherman: Vol. 1,
17086,1999.0,Battle Athletes Victory: Vol. 5: No Looking Back,
5095,2003.0,Running on Karma,
10791,2001.0,Teletubbies: Baby Animals,
3617,1992.0,Death Becomes Her,
1003,2001.0,Basic Elements: My Complete Fitness Guide,
15630,1982.0,T.J. Hooker: Seasons 1 & 2,
6511,1938.0,The Three Stooges: Stooged and Confoosed,
6490,2004.0,Dream Theater: Images and Words: Live in Tokyo / 5 Years in a LIVEtime,
3071,1973.0,The Way We Were,
9564,1976.0,Lifeguard,
9535,1941.0,Irene Dunne Romance Classics: Love Affair/ Penny Serenade,
11686,2000.0,Da Hip Hop Witch,
11014,2004.0,The Last Sign,
3264,1993.0,Aspen Extreme,
8658,2002.0,Grand Illusions: The Story of Magic,
8823,1983.0,Copper Mountain,
9926,1997.0,8 Heads in a Duffel Bag,
8661,2004.0,Franklin: Favorite Turtle Tales,
5712,1999.0,The Hunchback of Notre Dame,
5827,1995.0,Jupiter's Wife,
1714,2001.0,Jodi No. 1,
1985,1993.0,Oh My Goddess!,
2079,1987.0,Family Viewing,
17090,2005.0,NFL: Super Bowl XXXIX,
1454,2004.0,Fangoria Blood Drive,
5169,1992.0,My Cousin Vinny,
14693,2003.0,Colour of the Truth,
9130,1990.0,A Chinese Ghost Story 2,
11964,1969.0,Dark Shadows: Vol. 19,
15226,2002.0,Sopranos Unauthorized: Shooting Sites Uncovered,
3828,2004.0,Ginger Snaps Back: The Beginning,
12794,1942.0,The Battle of Midway,
10611,2004.0,Wrestlemania XX 2004,
10412,2003.0,MTV: Punk'd: Season 1,
12618,1993.0,Guilty as Sin,
12423,1993.0,Dr. Quinn,
8474,1992.0,Emmanuelle 5,
12490,1984.0,The Adventures of Buckaroo Banzai,
752,1993.0,Star Trek: The Next Generation: Season 7,
12580,1984.0,Revenge of the Nerds / Revenge of the Nerds 2: Double Feature,
6701,1995.0,Haunted,
9247,2003.0,Rammstein: Lichtspielhaus,
17559,2001.0,The Deep End,
2026,2002.0,Norah Jones: Live in New Orleans,
13091,1993.0,Malice,
8036,1991.0,Chinese Ghost Story 3: Special Edition,
6886,2004.0,The Dreamers,
20,1972.0,Seeta Aur Geeta,
15454,2001.0,Slap Shot 2: Breaking the Ice,
13079,1976.0,The Best Way to Walk,
1329,1998.0,He Got Game,
16871,2000.0,What's Cooking?,
16327,1999.0,A Kid Called Danger,
15792,2003.0,National Geographic: Everest: 50 Years on the Mountain,
9536,1985.0,The Official Story,
12747,2001.0,Time Out,
13415,1984.0,The Warrior from Shaolin,
1088,1980.0,Hammer House of Horror,
11610,2002.0,A Brilliant Madness: American Experience,
17695,1979.0,Going in Style,
12218,1958.0,Run Silent,
11072,2000.0,Joseph Campbell: The Hero's Journey,
5934,1992.0,Witchcraft IV: The Virgin Heart,
8067,2001.0,The Inspector Lynley Mysteries: A Great Deliverance,
3987,1939.0,The Roaring Twenties,
4817,1981.0,Cannibal Ferox,
8038,1950.0,Cinderella: Special Edition,
6236,1986.0,The Singing Detective,
5386,2001.0,After Image,
8555,2005.0,The Crow: Wicked Prayer,
10597,2000.0,Inspector Morse 33: The Remorseful Day,
13863,2001.0,Kingdom Come,
11387,1955.0,Teaserama,
7804,1987.0,Full House: Season 1,
8584,2003.0,Shattered Glass,
6832,1995.0,Black Sun: The Nanking Massacre,
10919,2004.0,Glass Trap,
15820,2003.0,Love Don't Cost a Thing,
12551,1999.0,Lush,
929,2002.0,Journeys with George,
5460,1998.0,Tess of the D'Urbervilles,
9057,1999.0,The Brutal Truth,
1511,2000.0,On the Beach,
7054,2000.0,Cold Heart,
10644,2002.0,The West Wing: Season 4,
14985,1998.0,Almost Heroes,
9978,2004.0,Balance Ball for Weight Loss,
2547,1998.0,Green Legend Ran,
5863,1945.0,The Three Stooges: Curly Classics,
11275,2001.0,Suze Orman: The Road to Wealth,
451,1993.0,Batman the Animated Series: Vol. 3,
11419,1997.0,David Searching,
9419,1974.0,Lady Snowblood: Love Song of Vengeance,
11710,1997.0,Men in Black: Bonus Material,
1555,1953.0,The Little Fugitive,
11287,1986.0,The Golden Girls: Season 2,
2705,2001.0,How High,
837,1972.0,All in the Family: Season 3,
13040,1977.0,Day of the Animals,
4468,1998.0,Frasier: Season 6,
4863,1993.0,Dario Argento's Trauma,
12418,2005.0,The Triangle,
12621,1971.0,See No Evil,
9545,2002.0,The Adventures of Pluto Nash,
9755,1999.0,Blood Dolls,
6766,1990.0,Slumber Party Massacre III,
4661,1999.0,Deuce Bigalow: Male Gigolo,
7933,1985.0,Flesh + Blood,
10307,1970.0,Quackser Fortune Has a Cousin in the Bronx,
14137,1995.0,Johnny Mnemonic,
16950,2003.0,Mummy's Kiss,
8652,1980.0,The Changeling,
13230,1950.0,Born Yesterday,
6070,1989.0,Black Adder IV,
9076,1954.0,Samurai Trilogy 1: Musashi Miyamoto,
7853,1988.0,36 Fillette,
10053,1968.0,Oliver!,
11467,1962.0,How the West Was Won,
6473,2002.0,Cherish,
2713,1953.0,Glen or Glenda,
6931,2003.0,Terminator 3: Rise of the Machines,
14631,2001.0,Scooby-Doo and the Cyber Chase,
5515,1964.0,Dr. Strangelove,
7429,2000.0,The Most Terrible Time in My Life,
6435,1974.0,Frankenstein and the Monster From Hell,
6806,1953.0,The Glenn Miller Story,
4354,1997.0,Fever Pitch,
6704,1974.0,Big Bad Mama,
3036,2003.0,Killing Words,
11771,2003.0,Dreamcatcher,
4133,1955.0,The Kentuckian,
11321,1986.0,Born to Defense,
4125,1999.0,Mary,
425,2000.0,The 10th Kingdom,
6536,1972.0,Panda! Go Panda!,
15106,2003.0,Noam Chomsky: Rebel Without a Pause,
10952,1996.0,Heaven's Prisoners,
13802,2002.0,Zone of the Enders: Dolores,
12898,1989.0,Fright Night Part II,
9427,2003.0,Chicago: A&E Live by Request,
12662,2002.0,The Queen of the Damned,
328,2002.0,Deftones: Live in Hawaii,
9431,2000.0,Get Carter,
13617,2005.0,Jethro Tull: Nothing Is Easy: Live at the Isle of Wight 1970,
9358,1990.0,Maniac Nurses Find Ecstasy,
3311,2002.0,Vampire Clan,
4074,1971.0,Le Mans,
17308,2001.0,Legally Blonde,
10398,2005.0,Curious,
7761,1992.0,The Return of Spinal Tap,
12514,2002.0,Triggermen,
15145,2004.0,With God on Our Side: George W. Bush and the Rise of the Religious Right in America,
10970,1986.0,Castle in the Sky,
14462,1989.0,She Shoots Straight,
4167,2002.0,Mickey's House of Villains,
4994,2002.0,Snapshots,
14313,2000.0,The Patriot,
10856,1997.0,Classic Albums: Jimi Hendrix: Electric Ladyland,
16155,2005.0,Frank Zappa: The Dub Room Special,
7919,1953.0,Niagara,
12360,2001.0,The Happiness of the Katakuris,
4270,1990.0,Opportunity Knocks,
2141,2001.0,Brief Crossing,
13083,1988.0,A Short Film About Killing,
5183,1997.0,100 Years of Comedy,
9052,2001.0,Dave Matthews Band: The Videos: 1994-2001,
17556,1984.0,November Moon,
10300,1958.0,Houseboat,
9699,2003.0,The Snow Walker,
12827,1998.0,Teletubbies: Here Come the Teletubbies,
13696,2002.0,Mondays in the Sun,
1863,1978.0,Harper Valley P.T.A.,
2586,2000.0,The Game of Death,
4881,1994.0,Crumb,
3469,1955.0,The Night of the Hunter,
16842,2003.0,MTV: The Real World You Never Saw: Paris,
7677,1996.0,Danielle Steel's The Ring,
16875,2005.0,Ah! My Goddess,
9396,1996.0,The Crow: City of Angels,
12607,1945.0,Flame of Barbary Coast,
12192,2004.0,Broadway's Lost Treasures II,
13221,1999.0,Rowdy Girls,
6663,2003.0,Latin Kings: A Street Gang Story,
252,2002.0,Stuart Little 2,
13690,1953.0,Law and Order,
6246,1994.0,Class Act,
4823,1995.0,Sharpe 7: Sharpe's Battle,
10888,1990.0,Dil,
9968,2002.0,Ice Age: Bonus Material,
3070,1936.0,Pennies from Heaven,
8460,2000.0,Tom Green Show: Unscensored,
15821,1994.0,Highlander: Counterfeit,
13637,1998.0,Angel of the Night,
13782,1999.0,38 Special: Live at Sturgis,
9508,2004.0,Welcome to Mooseport,
8837,1997.0,Cube,
10150,1966.0,Blues Masters,
8553,1999.0,Pokemon: Vol. 9: Fashion Victim,
2389,1992.0,The Cutting Edge,
10723,1998.0,Carnival of Souls,
2955,1991.0,The Commitments,
14005,2003.0,Dora the Explorer: Dora's Map Adventures,
3670,1992.0,Encino Man,
12327,2001.0,The Little Bear Movie,
2459,1967.0,Son of Godzilla,
11365,1966.0,Gamera: Return of the Giant Monsters / The Magic Serpent,
3048,1990.0,Two Evil Eyes,
12025,1994.0,That's Entertainment 3,
2716,1993.0,Celine Dion: The Colour of My Love Concert,
10866,2000.0,Bee Gees: This is Where I Came In,
3462,2002.0,Bliss: Season 1,
16903,1975.0,Love and Death,
5475,1999.0,Midsomer Murders: Death of a Stranger,
15722,1974.0,Claudine,
3965,1992.0,Red Dwarf: Series 5,
4470,2004.0,Blue's Clues: Blue Talks,
12500,1999.0,Boys Don't Cry,
17351,2004.0,The Last Ride,
2815,1991.0,Ring of Fire,
3324,2000.0,Scooby-Doo's Original Mysteries,
2088,2000.0,Wildflowers,
11421,2000.0,Audition,
14226,2000.0,The Crew,
13350,1971.0,Murphy's War,
8819,2003.0,Recess: All Growed Down,
17241,1993.0,Boxing Helena,
14759,2002.0,K-19: The Widowmaker,
2630,1998.0,Great Expectations (Masterpiece Theatre),
2449,1939.0,The Private Lives of Elizabeth and Essex,
6703,1991.0,In the Cold of the Night,
10195,1944.0,Charlie Chan: The Chinese Cat,
10081,2004.0,Reconstruction: The Second Civil War: American Experience,
2267,1995.0,American Gothic: The Complete Series,
5272,1953.0,Invaders from Mars,
15582,2002.0,Sweet Home Alabama,
4202,2004.0,Half-Caste,
12264,1998.0,Final Justice,
14903,2003.0,Warren Miller's: Ride,
5278,1993.0,My Favorite Season,
8255,2002.0,West Point: The First 200 Years,
11388,1994.0,Quiz Show,
1347,2000.0,Angel Sanctuary,
15219,1975.0,Walking Tall: Part II,
8816,1990.0,Daddy's Dyin' ... Who's Got the Will?,
3051,2000.0,Ultimate Attraction,
8242,1996.0,Dokken: One Live Night,
622,1991.0,Talkin' Dirty After Dark,
14194,1992.0,Captain Ron,
2715,1999.0,Whiteboyz,
11243,1982.0,Burden of Dreams,
2880,1975.0,The Wind and the Lion,
15217,2005.0,Baki the Grappler,
17227,1972.0,Agatha Christie's Endless Night,
12285,1992.0,American Me,
16884,1976.0,Human Tornado,
16543,1996.0,Superman: Last Son of Krypton,
4752,2000.0,Dancer in the Dark,
6396,2003.0,Lilya 4-Ever,
4692,1988.0,The Milagro Beanfield War,
9177,2002.0,Spider-Man: Bonus Material,
5624,1999.0,Sexo,
15321,2001.0,The Bernie Mac Show: Season 1,
6881,2000.0,MTV Cribs: Rock,
12497,2000.0,Bring It On,
1695,1985.0,Target,
2147,2002.0,Tupac Vs.,
10724,1993.0,Needful Things,
10318,2002.0,Dream Theater: Metropolis 2000: Scenes From New York,
14835,1997.0,Stephen Hawking's Universe,
8569,1994.0,Swimming with Sharks,
13550,2004.0,The Goodbye Girl,
9955,1995.0,Heavy,
16786,2001.0,Maybe Baby,
14654,1991.0,Bugsy,
10433,1953.0,Stalag 17,
2989,1951.0,The Thing From Another World,
13612,1984.0,Cheech & Chong's The Corsican Brothers,
10437,1982.0,Missing,
17727,1954.0,Elizabeth Taylor: The Last Time I Saw Paris/Father's Little Dividend,
1442,2001.0,Sade: Life Promise Pride Love,
8293,1955.0,Guys and Dolls,
1021,1984.0,Cloak & Dagger,
4257,1996.0,French & Saunders: Living in a Material World,
4059,1976.0,Ilsa,
15697,1997.0,Future War,
2484,2000.0,Love Beat the Hell Outta Me,
3981,2003.0,S21: The Khmer Rouge Killing Machine,
10773,2004.0,SpongeBob SquarePants: The Movie,
16022,2003.0,Battlestar Galactica: The Miniseries,
17584,2004.0,Cat Stevens: Majikat,
14966,1961.0,One Eyed Jacks,
6238,2001.0,Lip Service,
12741,1994.0,The Specialist,
16025,1984.0,The Cannonball Run II,
2814,2002.0,Interview with the Assassin,
908,1981.0,Sense and Sensibility,
4852,1997.0,U Turn,
5961,1975.0,Trilogy of Terror,
9484,2002.0,The Other Brother,
15745,1999.0,The King and I (Animated),
709,1998.0,Africans in America: America's Journey Through Slavery,
6441,2002.0,Sarah McLachlan: VH1 Storytellers,
11342,2004.0,Dev,
17025,2003.0,Charlotte Sometimes,
3215,1999.0,Judy Berlin,
12372,2000.0,Faithless,
13537,1967.0,Otis Redding: Remembering Otis,
12964,2005.0,Pride FC: Pride Fighting Legacy: Vol. 2,
13598,2000.0,The Gospel According to Philip K. Dick,
17166,2001.0,Making the Misfits,
8488,2004.0,Winnie the Pooh: ABC's,
6195,2004.0,The Woodsman,
2301,1988.0,Another Woman,
11704,1998.0,Angel Blue,
2797,2003.0,Life of Buddha,
3194,2003.0,AcceleRacers,
3015,2004.0,The Final Cut,
13215,1980.0,Galaxina,
5246,2003.0,Art of Revenge,
2681,2001.0,Comedy Only in Da Hood,
4449,2002.0,The Inspector Lynley Mysteries: For the Sake of Elena,
11960,2000.0,Adrenaline Drive,
12516,1983.0,Lovesick,
7885,2002.0,Taken,
4154,1995.0,301/302,
10612,1960.0,Swiss Family Robinson,
6498,1988.0,Caddyshack 2,
11762,1975.0,Doctor Who: Pyramids of Mars (Ep. 82),
12761,2001.0,Jackie Chan Adventures: The Search for the Talismans,
9920,1944.0,Superman Cartoons,
8824,2001.0,Godzilla,
4789,2001.0,Stargate SG-1: Season 5,
3722,1999.0,Luminarias,
3478,1993.0,The Man Without a Face,
13615,1968.0,The Great Silence,
14576,2003.0,DysFunktional Family,
17230,2002.0,Sealab 2021: Season 2,
13776,2000.0,The Ballad of Ramblin' Jack,
1098,1965.0,The Battle of Algiers,
8984,1956.0,And God Created Woman,
16771,1995.0,Above Suspicion,
15638,1980.0,Caught on a Train,
11336,1972.0,Doctor Who: The Three Doctors,
3107,1999.0,Mulan,
3430,2005.0,Tenjho Tenge,
10913,1994.0,Sleep with Me,
6878,2002.0,PRIDE Fighting Championships: Raging Rumble,
14198,1996.0,Trainspotting: Collector's Edition,
2203,1980.0,All Creatures Great and Small: Series 3,
5914,1971.0,Brother John,
2004,2001.0,She Creature,
5269,2005.0,Ring of Fire: The Emile Griffith Story,
7389,2001.0,Project Greenlight: Season 1,
7746,2002.0,Go for Broke,
981,1989.0,How I Got into College,
16847,1963.0,Hud,
12444,1998.0,Yes Boss,
829,1995.0,Serial Mom,
3560,1992.0,The Mambo Kings,
7092,1994.0,A Shadow You Soon Will Be,
4739,1988.0,Mystic Pizza,
7458,1999.0,Mummy (Documentary),
10688,1981.0,Ms. 45,
13349,1949.0,The Set-Up,
15949,1983.0,Uncommon Valor,
730,1988.0,Bagdad Cafe,
8482,2004.0,Brian Wilson Presents Smile,
1091,1980.0,Dostana,
8747,2001.0,ECW: Hardcore History,
3890,2004.0,Confessions of a Teenage Drama Queen,
3480,1990.0,Narrow Margin,
16159,1964.0,Beach Boys: The Lost Concert,
745,1979.0,Fantasy Mission Force,
8414,1952.0,Adventures of Superman: Season 1,
10386,1995.0,Top Dog,
3685,2000.0,Scooby-Doo's Spookiest Tales,
5527,1953.0,Humphrey Bogart: Beat the Devil / Call It Murder,
6995,2000.0,Blackboards,
15904,1987.0,Hello Kitty Saves the Day,
15903,2004.0,Trekkies 2,
12248,1990.0,Tekken,
4732,2001.0,The Strangler's Wife,
11273,1970.0,I Drink Your Blood,
11632,1996.0,Un Air De Famille (aka Family Resemblances),
10802,1998.0,The Sex Monster,
3342,1973.0,The Day of the Jackal,
16367,1995.0,The Phantom Lover,
6791,1997.0,Incognito,
12464,2002.0,KISS: Live in Las Vegas,
1303,2001.0,Horse Crazy,
11932,2001.0,The World History of Organized Crime,
13838,1997.0,Dream with the Fishes,
3743,2000.0,Boys and Girls,
8058,1999.0,Learning HTML: No Brainers,
13196,1997.0,Going All the Way,
10393,2000.0,Just One Time,
11483,2004.0,Strawberry Shortcake: Adventures on Ice Cream Island,
5173,1997.0,Roots of Rhythm,
734,1992.0,Indochine,
13650,1992.0,Batman the Animated Series: Secrets of the Caped Crusader,
4148,1955.0,Tomorrowland,
8490,1968.0,The Snow Maiden,
14470,2002.0,Gods of Olympia,
2276,1998.0,Spice World,
2590,1992.0,Newsies,
4005,1993.0,Dr. Quinn,
16887,2002.0,Paid in Full,
12326,2002.0,Kilimanjaro: To the Roof of Africa: IMAX,
2426,2004.0,Dark Harvest 2: The Maize,
7931,1993.0,8 Man After: Perfect Collection,
16596,1961.0,The Parent Trap,
1148,1981.0,For Your Eyes Only,
4297,1998.0,Eden,
7008,2000.0,Born Romantic,
12211,2005.0,SpongeBob SquarePants: Fear of a Krabby Patty,
4803,1980.0,The Ninth Configuration,
5130,1999.0,Dudley Do-Right,
14881,2000.0,Anne of Green Gables: The Continuing Story,
8872,1997.0,In & Out,
7445,2004.0,Monk: Season 3,
7111,2002.0,Kiddy Grade,
3412,2003.0,The Tao of Skateboarding,
14041,2001.0,Chasing Holden,
11025,1982.0,A Midsummer Night's Sex Comedy,
14982,2001.0,Intimacy,
11703,2001.0,Wynonna: Live in Venice: Music in the High Places,
14901,1994.0,Guinevere,
3699,1977.0,The Richard Pryor Show,
7593,2001.0,Reversal,
8342,1990.0,Shogun's Samurai,
4014,2001.0,The Princess and the Barrio Boy,
13466,2003.0,Down With Love,
218,1983.0,Triumph: Live at the US Festival,
2513,1998.0,Mama Flora's Family,
10264,1921.0,The Saphead (Silent),
8442,2004.0,UFC 44: Ultimate Fighting Championship: Only One Will Be Undisputed,
13499,1999.0,Babylon 5: A Call to Arms,
5590,2005.0,VeggieTales: Duke and the Great Pie War,
9454,2001.0,A Line in the Sand,
12987,1999.0,Lain #3: Deus,
3044,2003.0,The Inheritance,
13742,1931.0,The Public Enemy,
14846,1922.0,Cyrano de Bergerac,
7041,2003.0,The Murder of Emmett Till: American Experience,
13723,2001.0,Metrosexuality,
4561,1999.0,Everybody Loves Raymond: Season 4,
13961,1988.0,Wedding in Galilee,
10538,2002.0,Citizen Toxie: The Toxic Avenger IV,
2623,1997.0,Mandragora,
11736,2003.0,NBA Championship 2003,
15604,1991.0,Robert Townsend: Partners in Crime: Vol. 3,
6418,2000.0,Tigerland,
1164,1980.0,Return of the Secaucus 7,
17536,1991.0,Northern Exposure: Season 2,
15501,1985.0,Dance with a Stranger,
16740,1999.0,Magnolia,
12451,1941.0,Pot o' Gold,
971,2002.0,Unprecedented: The 2000 Presidential Election,
2233,2002.0,Dracula's Curse,
14167,2002.0,They,
14450,1952.0,Another Man's Poison,
17183,2005.0,King of the Corner,
1356,1980.0,Too Close for Comfort: Season 1,
11294,2000.0,Barney: Come on Over to Barney's House,
17482,1995.0,Clueless,
6671,1998.0,Sesame Street: Elmopalooza!,
1581,1997.0,Twilight of the Golds,
3426,1938.0,Flash Gordon's Trip to Mars,
3546,1967.0,Speed Racer,
10995,1977.0,Sorcerer,
14085,1999.0,Deep Purple: In Concert with The London Symphony Orchestra,
4715,1965.0,How to Murder Your Wife,
10512,2004.0,Las Vegas: Season 2,
11194,1998.0,Johnny Skidmarks,
5260,1965.0,Samurai Spy,
16378,2002.0,Alive,
14721,1998.0,The Bird People in China,
7701,1981.0,The Road Warrior,
9446,2004.0,Out of Season,
6947,1969.0,Dark Shadows: Vol. 13,
9510,1985.0,P.D. James: The Black Tower,
1120,1982.0,Quest for Fire,
5955,1956.0,The Man Who Knew Too Much,
14886,1985.0,American Flyers,
652,1996.0,Marvin's Room,
2584,1932.0,The Most Dangerous Game,
13165,1987.0,I Was a Teenage Zombie,
17045,2004.0,Belonging,
16081,1986.0,Shocked,
3708,1988.0,The Beast,
12972,2000.0,A Regular Frankie Fan: Rocky Horror Lives On,
11459,1985.0,'Allo 'Allo!: Series 2,
5816,1971.0,Mary Tyler Moore: Season 2,
6779,1999.0,Man of the Century,
12428,2002.0,War Letters: American Experience,
16210,2002.0,The Apocalypse,
8799,1967.0,Branded to Kill,
9432,1997.0,Cop Land,
8958,2004.0,Bill Engvall: Here's Your Sign,
8911,2004.0,Wake Up,
2052,2001.0,Darrin's Dance Grooves,
6244,2001.0,America's Funniest Home Videos: Vol. 1,
10770,2001.0,A Gentleman's Game,
4709,2002.0,Tarzan and Jane,
13245,1934.0,The John Wayne Collection: Vol. 4: Lawless Frontier / Randy Rides Alone,
4217,1965.0,Bewitched: Season 2,
14143,2002.0,Fuehrer Ex,
1316,2003.0,Voices of a Distant Star,
2727,1985.0,The Golden Girls: Season 1,
8994,2004.0,A Fond Kiss,
6631,2005.0,Be Cool,
1319,1986.0,Nomads,
1027,1993.0,Rising Sun,
3502,2001.0,Shania Twain: The Specials,
10325,1997.0,Last Stand at Saber River,
9741,1999.0,The 13th Warrior,
3705,2000.0,Directors: Martin Scorsese,
3789,1997.0,Thomas Jefferson,
3411,2004.0,Everyone,
3209,2002.0,My Left Eye Sees Ghosts,
14561,1999.0,Superman: The Lost Episodes,
10073,1996.0,In Love and War,
17662,2003.0,The Guru,
17173,1993.0,Prince: The Hits Collection,
14480,1996.0,Tin Cup,
2100,1997.0,Bliss,
12154,1994.0,Backbeat,
4867,1986.0,The Karate Kid Part II,
16591,1933.0,Design for Living / Peter Ibbetson,
7331,2004.0,Secret Window,
5839,1993.0,Confessions of Sorority Girls,
12902,2002.0,Big Trouble,
6743,1970.0,Scars of Dracula,
14446,2001.0,Century Hotel,
12217,1994.0,One Arm Hero,
12023,2001.0,Tupac Shakur: Thug Angel: The Life of an Outlaw,
8030,2004.0,Denied,
12808,1997.0,Velocity Trap,
2677,1961.0,A Woman Is a Woman,
2857,1965.0,The Spy Who Came In from the Cold,
12709,1970.0,Too Late the Hero,
3261,2000.0,The House on Sorority Row,
3116,1987.0,Prick Up Your Ears,
5562,1985.0,Ladyhawke,
1706,2004.0,Strings,
1035,1994.0,Disclosure,
13780,1979.0,Star Blazers: Series 2: The Comet Empire,
8391,1969.0,Carol Channing and Pearl Bailey: On Broadway,
14968,1950.0,Father of the Bride,
2719,1996.0,The Politician's Wife,
12274,1994.0,Surviving the Game,
13168,1972.0,Beware! The Blob,
10543,1992.0,Zebrahead,
3602,2003.0,The Who,
6731,2000.0,The Eyes of Tammy Faye,
12668,1999.0,The Straight Story,
15172,1999.0,Britney Spears: Star Baby Scrapbook,
7918,1998.0,Lost in Space Forever,
12569,1981.0,Victory,
17001,1931.0,Little Caesar,
1558,1990.0,Rocky V,
4082,1999.0,Atomic Train,
8240,1954.0,Lassie: The 50th TV Anniversary Collector's Edition,
14381,2001.0,Law & Order: Criminal Intent: The First Year,
7067,2003.0,Charlie's Angels: Full Throttle,
10154,2003.0,Rita,
4343,1952.0,The Abbott & Costello Show,
10028,1976.0,Charlie's Angels: Season 1,
16122,2000.0,Linkin Park,
11814,1935.0,The Good Fairy,
10382,1993.0,Heidi,
7556,1969.0,Popi,
8787,2000.0,Oliver Stone Presents: Bang Rajan,
12232,2003.0,Lost in Translation,
5119,2004.0,Charlie,
8207,2001.0,Discovering Egypt,
17356,1990.0,Book of Love,
1867,1999.0,Annie,
9930,1993.0,Working with Orson Welles,
16542,1972.0,The Concert for Bangladesh,
182,2001.0,Moby: Play,
17177,1941.0,The Three Stooges: All the World's a Stooge,
12479,2002.0,Marriage Is a Crazy Thing,
7206,1973.0,Scenes from a Marriage (TV Version),
1028,2003.0,The Educational Archives: Vol. 1: Sex & Drugs,
3814,1991.0,Love Potion #9,
7413,1959.0,4D Man,
11528,1996.0,Ed,
13484,1980.0,The Octagon,
2134,2000.0,Jesus and His Times,
16954,1989.0,Indiana Jones and the Last Crusade,
5226,1998.0,Rushmore,
15736,2003.0,Raising Victor Vargas,
9070,1992.0,Memoirs of an Invisible Man,
1528,1992.0,Radio Flyer,
9860,2002.0,Restless Souls,
2040,1991.0,Star Trek: The Next Generation: Season 5,
3858,2001.0,Sugar & Spice,
3017,1985.0,Cocoon,
6715,2000.0,Python,
14698,2002.0,White Oleander,
14395,2005.0,Dawn Anna,
6828,2004.0,Izo: Special Edition,
12625,1984.0,Boy Meets Girl,
8982,2003.0,Scooby-Doo and the Legend of the Vampire,
4555,1986.0,Mapp and Lucia: Series 2,
51,2002.0,Jonah: A VeggieTales Movie: Bonus Material,
17128,1992.0,El Lado Oscuro del Corazon II,
10857,1988.0,The Men Who Killed Kennedy,
3942,1988.0,Crocodile Dundee 2,
8782,2001.0,The Royal Tenenbaums,
2185,2002.0,Great North: IMAX,
11472,1979.0,The Long Good Friday,
10127,2002.0,Underdog: Nemesis,
8622,1993.0,Inspector Morse 4: The  Wolvercote Tongue,
7045,1995.0,Highlander: Finale,
11460,1962.0,Trial and Error,
11910,2004.0,Torque,
11728,2003.0,God and Buddha: A Dialogue,
6322,2002.0,Blood Crime,
16220,2002.0,L'Auberge Espagnole,
2255,1991.0,The Architecture of Doom,
3190,1993.0,Heaven & Earth,
138,1995.0,Star Trek: Voyager: Season 1,
8813,1980.0,Grown Ups,
14476,2004.0,Barbershop 2: Back in Business,
7318,2000.0,Another Heaven,
8331,1967.0,The Fearless Vampire Killers,
12039,1997.0,Commandments,
879,1976.0,Mikey and Nicky,
10580,1994.0,Baseball,
2436,1993.0,Fist of the Red Dragon,
5793,2003.0,Underworld,
3911,1982.0,Summer Lovers,
7875,1998.0,A Night at the Roxbury,
13647,1957.0,Humphrey Bogart: Beat the Devil / Humphrey Bogart on Film,
4875,2000.0,Felicidades,
7584,1993.0,Power of One,
5182,2004.0,Harry and Max,
16207,1967.0,Dark Shadows: Vol. 3,
4528,1996.0,Xena: Warrior Princess: Season 2,
13524,2002.0,Enough,
9936,1943.0,Heaven Can Wait,
16789,1994.0,Serial Killers: Profiling the Criminal Mind,
9827,2004.0,Frankenstein,
17195,2003.0,Peter Pan,
16247,2001.0,The Human Face,
15743,1995.0,Jefferson in Paris,
7597,1999.0,I Stand Alone,
12999,2003.0,Nip/Tuck: Season 1,
10695,2002.0,Lovely & Amazing,
9192,1964.0,Gilligan's Island: Season 1,
4936,1998.0,My Giant,
13710,2002.0,Cheats,
16014,1997.0,Testamento,
9388,1985.0,Crimes of Passion,
9314,1960.0,Village of the Damned / Children of the Damned,
432,1996.0,Les Miserables in Concert,
486,1959.0,Journey to the Center of the Earth,
15561,1996.0,VeggieTales: The Toy That Saved Christmas,
11218,1995.0,Now and Then,
8954,2002.0,The Rookie,
8248,1969.0,Dark Shadows: Vol. 16,
13286,2002.0,Shark Attack 3: Megalodon,
5658,2001.0,The Experiment,
12631,2002.0,The Ultimate Beginner Series: Rock Guitar Styles,
16497,2003.0,Dora the Explorer: Meet Diego!,
7683,1988.0,Cinema Paradiso: Director's Cut,
17018,1982.0,Faerie Tale Theatre: Rumpelstiltskin,
13205,2004.0,Rescue Me: Season 1,
2700,2005.0,ECW: One Night Stand,
12065,1994.0,Hercules: The Legendary Journeys: Season 1,
6267,1984.0,Purple Rain: Special Edition,
9735,2003.0,Avril Lavigne: My World,
1784,1936.0,Camille,
8959,2003.0,WWE: Bad Blood 2003,
14614,2003.0,Gate Keepers 21,
14715,2000.0,William Gibson: No Maps For These Territories,
15629,2004.0,The Place Promised in Our Early Days,
4141,2000.0,Shanghai Noon,
885,2003.0,The Maldonado Miracle,
12494,2001.0,Behind Enemy Lines,
3943,1998.0,Hitman,
8795,1989.0,The Unbelievable Truth,
3644,1979.0,The Shape of Things to Come,
7782,2002.0,Demonlover,
2496,1999.0,Solas,
10526,1997.0,McHale's Navy,
16529,1988.0,Curse of the Queerwolf,
14848,2000.0,Play It to the Bone,
9873,1999.0,Lola & Billy the Kid,
17577,2003.0,Absolution,
16998,1982.0,The Incubus,
5598,1998.0,Lain #2: Knights,
1412,2001.0,Sordid Lives,
5605,1946.0,Children of Paradise,
2951,1996.0,Normal Life,
8010,2002.0,3-2-1 Penguins: The Cheating Scales of Bullamanka,
48,2001.0,Justice League,
11588,1992.0,South Central,
1982,2001.0,Strange Frequency,
12166,1936.0,As You Like It,
10525,2003.0,The Heroic Duo,
11515,1997.0,Rudyard Kipling's The Second Jungle Book: Mowgli and Baloo,
12291,1957.0,Legend of the Lost,
6843,2004.0,True Love,
5810,2004.0,MLB: 2004 World Series,
5865,2004.0,ZZ Top: Greatest Hits: The Video Collection,
17318,1999.0,Bartok the Magnificent,
13764,2000.0,The Girl on the Bridge,
11878,2003.0,K Street: The Complete Series,
362,2000.0,The Flintstones in Viva Rock Vegas,
15161,2002.0,Eight Crazy Nights: Bonus Material,
9722,1958.0,Revenge of Frankenstein,
15082,2003.0,Ed Sullivan: Muppets Magic,
9747,2005.0,Warm Springs,
12842,2003.0,Pirates of the Caribbean: The Curse of the Black Pearl: Bonus Material,
14525,1970.0,Little Big Man,
7559,1996.0,Jane Street,
4979,2002.0,Star Trek: Enterprise: Season 2,
901,1950.0,Diary of a Country Priest,
3108,1995.0,Junkers Come Here,
10959,1987.0,Dorothy L. Sayers Mysteries: Gaudy Night,
8272,1960.0,The Andy Griffith Show: Season 1,
9280,2004.0,Teacher's Pet,
2153,1993.0,Free Willy,
14889,1995.0,Species,
6686,1974.0,Scenes from a Marriage (Theatrical Version),
16312,1993.0,Posse,
2168,1998.0,Upright Citizens Brigade: Season 1,
960,1960.0,The Unforgiven,
10019,2001.0,Metropolis,
4,1994.0,Paula Abdul's Get Up & Dance,
16026,1984.0,The Warrior and the Sorceress,
17518,1999.0,Fallen Angel,
14496,1992.0,Mystery Science Theater 3000: Attack of the Giant Leeches,
13579,1957.0,The Pajama Game,
13360,2003.0,NBA at 50,
14642,1952.0,High Noon,
9869,1998.0,Occult History of the 3rd Reich #2: The SS Blood & Soil,
6445,1962.0,Lawrence of Arabia,
2158,2004.0,Vietnam: A Television History,
2096,2003.0,Toolbox Murders,
15693,1988.0,In the Line of Duty 3,
5842,2004.0,Mickey,
14363,1997.0,Stargate SG-1: Season 1,
5149,1986.0,The Great Mouse Detective,
5953,2001.0,The Middle Passage,
16803,1988.0,Garfield and Friends: Vol. 1,
4258,1962.0,Advise and Consent,
6877,2003.0,Rudy: The Rudy Giuliani Story,
10805,1994.0,The Stoned Age,
15186,1997.0,Gummo,
3585,2002.0,Dead or Alive Final,
16183,1962.0,The Miracle Worker,
3016,2003.0,Judas Priest: Electric Eye,
17530,1979.0,Macbeth,
16124,1960.0,Tunes of Glory,
5606,1988.0,Picture of a Nymph,
2999,2003.0,Bad Bizness,
7807,2003.0,Off the Map,
1057,1989.0,Doctor Who: Ghost Light,
8487,2005.0,Fugitive Hunter,
4763,1997.0,Top of the World,
347,1989.0,Iceman Cometh,
17443,2003.0,Blue's Clues: Shapes and Colors,
1211,2004.0,Modigliani,
7361,1999.0,The 1900 House,
16488,1999.0,Dark Ages,
15351,1972.0,Superfly,
5047,2001.0,Max Keeble's Big Move,
16052,1940.0,Fantasia,
4337,1998.0,I've Been Waiting for You,
8166,1985.0,The Care Bears Movie,
4654,1991.0,Carnal Crimes,
13731,2001.0,Kwik Stop,
3579,2003.0,2 Fast 2 Furious,
14027,1978.0,Every Which Way But Loose,
7641,1990.0,Stella,
14772,1996.0,Zion Canyon: Treasure of the Gods: IMAX,
1457,1973.0,The White Seal / A Cricket in Times Square,
11977,2002.0,The Dead Zone,
1066,1978.0,Superman: The Movie,
13464,2002.0,Quicksand,
1209,1976.0,Swashbuckler,
16702,2004.0,Touch of Pink,
14704,1948.0,The Red Shoes,
15634,1974.0,Where the Red Fern Grows,
11735,1998.0,Phoenix,
8900,2000.0,Directors: Steven Spielberg,
9259,1973.0,Kojak: Season 1,
5147,2002.0,W.A.S.P.: The Sting,
17384,1983.0,Reilly: Ace of Spies,
2128,1993.0,Rudy,
4751,2003.0,Sinbad: Legend of the Seven Seas,
16502,1974.0,Dark Star,
9415,2005.0,Are We There Yet?,
938,2002.0,Scarecrow,
4070,1981.0,Raggedy Man,
7343,1967.0,Doctor Dolittle,
17382,1947.0,Odd Man Out,
11968,2001.0,My Kinda' Muzik: Vol. 1,
13060,2004.0,Rockets Redglare,
6202,2004.0,Masters of Poker: Vol. 2: Phil Hellmuth's Million Dollar Secrets to Bluffing and Tells,
15337,2001.0,Sound of the Sea,
5237,1995.0,To Die For,
8408,2002.0,National Geographic: Super Croc,
14031,2002.0,Buffy the Vampire Slayer: Season 7,
6114,2000.0,Antitrust,
14321,2003.0,World Poker Tour: Battle of Champions,
17461,1984.0,Making the Grade,
13383,2000.0,If These Walls Could Talk 2,
9391,2004.0,Satan's Little Helper,
10557,1994.0,Good Night,
1086,1938.0,Three Stooges: Stooges at Work,
9129,2005.0,The Boys and Girl from County Clare,
17473,2002.0,Leela,
8876,2002.0,WWE: Rebellion 2002,
6474,1985.0,Basic Training,
11198,1999.0,The Cider House Rules,
2520,1990.0,Spaced Invaders,
3975,1991.0,One False Move,
9850,2004.0,The Dead Sea Scrolls,
15384,1934.0,The Chronological Donald: Vol. 1,
14980,2002.0,Angelina Ballerina: The Lucky Penny,
3246,2004.0,Homeland Security,
11891,2003.0,Osama,
6138,1990.0,Poirot,
4990,1979.0,Taxi: Season 2,
11877,1982.0,The Beast Within,
6516,1991.0,Body Parts,
10916,1999.0,Paul McCartney: Live at the Cavern Club,
6189,1943.0,Ghosts on the Loose,
12519,1988.0,The Ladies Sing the Blues,
6673,2004.0,Godsend,
9452,2002.0,A Season on the Brink,
2685,1986.0,Power,
4534,1996.0,National Geographic: 30 Years of National Geographic Specials,
16538,2000.0,Quills,
7039,2002.0,James Cameron's Expedition: Bismarck,
17447,1959.0,The Angry Red Planet,
7560,2002.0,New Best Friend,
7950,1981.0,Le Professionnel,
16360,1982.0,SCTV Network 90: Vol. 3,
15948,2004.0,Imelda,
6194,1997.0,Defying Gravity,
7537,1935.0,The Wolf Man / Frankenstein Meets the Wolf Man: The Legacy Collection,
15446,2001.0,Black Point,
9846,2004.0,Duran Duran: Arena,
656,2004.0,Veronica 2030,
1834,1994.0,Farinelli,
2320,2001.0,Play for Me,
11217,2003.0,The Beatles: Love Me Do,
1351,2002.0,Yes: Symphonic Live,
4882,1985.0,Butthole Surfers: Blind Eye See All: Live 1985,
11032,2002.0,The Banger Sisters,
4227,1997.0,The Full Monty,
2309,1973.0,Rhinoceros,
11608,1991.0,Cadence,
7840,1986.0,Dali,
16094,1989.0,Family Business,
4680,1942.0,Road to Morocco,
13008,1997.0,Mrs. Dalloway,
536,2001.0,Sol Goode,
12697,1992.0,Tropical Rainforest: IMAX,
6342,2004.0,The Haunted Sea,
15957,1998.0,The Count of Monte Cristo,
17298,2003.0,Bill Maher: Victory Begins at Home,
9480,1995.0,Family of Cops,
11101,1999.0,One Day in September,
1769,1988.0,The Incredible Hulk Returns,
16339,1990.0,Kindergarten Cop,
6527,2002.0,Rana's Wedding,
11324,2004.0,Comic Party,
6984,1995.0,Killing Grounds,
13363,1986.0,Saint Seiya,
7832,1951.0,When Worlds Collide,
1711,2002.0,13 Moons,
6030,2001.0,I Am Sam,
9316,1999.0,Just Looking,
9322,1979.0,Doctor Who: The Armageddon Factor,
13618,2000.0,Deewane,
8195,1998.0,Lust for Frankenstein,
9304,1998.0,Phantasm IV: Oblivion,
2404,1991.0,Picture This,
10228,2002.0,For Real,
197,2004.0,Taking Lives,
519,1979.0,From Mao to Mozart: Isaac Stern in China,
5928,1978.0,Foul Play,
12127,2005.0,The Girl from Monday,
14386,1985.0,The Velveteen Rabbit,
14214,1997.0,Star Trek: Deep Space Nine: Season 6,
10240,2001.0,Summer Catch,
8817,1999.0,Simon Sez,
14346,1994.0,The Century of Warfare,
6905,1997.0,Eye of God,
11256,2003.0,Malibu's Most Wanted,
5509,1978.0,The End,
17255,1999.0,American Photography: A Century of Images,
8332,1998.0,Young and Dangerous: The Prequel,
16605,1992.0,The Last of the Mohicans,
7276,1992.0,Gunsmoke: To the Last Man,
10147,1954.0,Taxi Driver,
5505,1995.0,Feast of July,
3707,1993.0,White Wolves: A Cry in The Wild 2,
7327,2000.0,The '70s,
4960,2002.0,New York Firefighters: The Brotherhood of 9/11,
2535,2002.0,Adventures of Mini-Goddess,
14757,2005.0,Palindromes,
5536,1998.0,Corrs: Live at The Royal Albert Hall,
16287,2001.0,O: Bonus Material,
100,1993.0,Sam the Iron Bridge,
4904,1993.0,Manhattan Murder Mystery,
14774,1973.0,Female Vampire,
15509,2004.0,Entourage: Season 1,
2146,2003.0,America's Next Top Model: Cycle 1,
6259,1988.0,Night of the Demons,
14782,2000.0,The Book of Pooh: Stories From the Heart,
255,2001.0,The Hunchback of Notre Dame II,
2022,1947.0,Dead Reckoning,
3422,2001.0,Cinderella II,
16029,2005.0,Point Pleasant: The Complete Series,
3595,1988.0,Elvira,
9453,2000.0,Best of Travels in Europe with Rick Steves: Italy,
1571,1982.0,Poltergeist,
4903,1985.0,Ram teri Ganga maili,
11106,1994.0,Squanto: A Warrior's Tale,
15970,2002.0,Local Boys,
6424,1994.0,As Time Goes By: Series 3,
4833,2003.0,Timeline,
7664,2000.0,Gladiator: Extended Edition,
6689,1951.0,The Enforcer,
5982,1986.0,House,
5854,1967.0,In the Heat of the Night,
9998,1995.0,The Show,
6394,1994.0,Baby's Day Out,
928,1997.0,The Night That Never Happened,
9069,2004.0,It's Alive 2: It Lives Again / It's Alive 3: Island of the Alive,
7467,1982.0,Best Friends,
11318,1922.0,Nanook of the North,
14927,1974.0,Trial of Billy Jack,
12271,2003.0,Still Bout It,
9126,2002.0,Sabretooth,
9421,2000.0,Anatomy,
7982,2003.0,The Bathers,
3652,2002.0,Happy Tree Friends,
4116,1946.0,Orson Welles: The Stranger/Orson Welles on Film,
15911,1988.0,War and Remembrance: Vol. 1,
8574,2002.0,The Fast Runner,
3903,1994.0,PCU,
10316,1981.0,Little House on the Prairie: Season 8,
6007,2003.0,Arrested Development: Season 1,
16298,1999.0,Wing Commander,
2151,2001.0,Native American Medicine,
1024,1976.0,The Return of a Man Called Horse,
15531,1996.0,Courage Under Fire,
3593,1988.0,My Neighbor Totoro,
10120,1981.0,Elephant Parts,
12993,1999.0,The John Wayne Collection: Vol. 3: The Dawn Rider / The Trail Beyond,
15277,1997.0,Night Falls on Manhattan,
1837,1987.0,Tin Men,
1200,1999.0,Teaching Mrs. Tingle,
4845,1956.0,Carousel,
17446,1954.0,Three Coins in the Fountain,
7581,2001.0,In Desert and Wilderness,
10600,2003.0,Epoch: Evolution,
4414,2002.0,Just a Kiss,
15554,1999.0,Mystery Science Theater 3000: Boggy Creek II: And the Legend Continues,
7278,2000.0,The Powerpuff Girls: Powerpuff Bluff,
10058,2000.0,Directors: Clint Eastwood,
6178,2001.0,Underwaterworld Trilogy: Deep Encouters / Ocean Allies / Blue Voices,
6561,1973.0,Treasure Island,
5528,2003.0,The Triplets of Belleville,
8699,1990.0,Mermaids,
4289,1985.0,Police Academy 2: Their First Assignment,
17386,1950.0,Stage Fright,
10105,1987.0,The Big Easy,
2421,2004.0,With All Deliberate Speed,
3112,2004.0,Liberty! The American Revolution,
665,1976.0,Lipstick,
7841,1990.0,Pump Up the Volume,
13250,2000.0,Mother & Son,
5196,1998.0,All the Rage,
5715,2004.0,Phil of the Future: Gadgets and Gizmos,
1641,2002.0,Revenge,
9864,2004.0,Battlestar Galactica: Season 1,
13748,1996.0,The First Wives Club,
15540,1989.0,Born on the Fourth of July,
17442,2002.0,Written in Blood,
17522,1983.0,Cross Creek,
5858,1993.0,My Boyfriend's Back,
7443,1979.0,Roller Boogie,
16130,1996.0,Carla's Song,
8607,2003.0,Shakira: Live and Off the Record,
388,1990.0,Body Chemistry,
6087,2001.0,Jackie Chan Adventures: The Shadow of Shendu,
11998,1978.0,Convoy,
11629,1936.0,Deanna Durbin: Three Smart Girls / Something in the Wind,
17327,2004.0,Tales from the Crapper,
14133,1981.0,Meantime,
6333,1987.0,Hiding Out,
12535,2000.0,Maggie and the Ferocious Beast: Let's Go to the Beach!,
9946,1995.0,Saturday Night Live: The Best of Will Ferrell,
1689,2003.0,Concert for George,
8310,2003.0,P.S. Your Cat is Dead!,
11099,1994.0,The Land Before Time II: The Great Valley Adventure,
8159,1977.0,Annie Hall,
14256,1981.0,The Dogs Of War,
4062,1997.0,Battle Athletes: Vol. 2: Ready,
2808,1959.0,Gidget,
2929,2003.0,Visitors,
4707,2004.0,Yeah Yeah Yeahs: Tell Me What Rockers to Swallow,
3951,1997.0,Meet Wally Sparks,
10312,2003.0,Girls Kissing,
5849,2004.0,Superstars of '70s Soul Live,
260,1967.0,Marat / Sade,
12322,1999.0,The End of the Affair,
5124,1956.0,Rodan,
12578,1982.0,Fitzcarraldo,
5382,1985.0,One Night With Blue Note,
7154,1995.0,Saved by the Bell: The New Class: Season 3,
11451,1999.0,The Iron Giant: Special Edition,
2027,1957.0,Fire Down Below,
7334,1998.0,Midsomer Murders: Death in Disguise,
8495,2002.0,Snipes,
11976,1980.0,Don't Go in the House,
2731,1995.0,Tank Girl,
12675,1989.0,The Abyss,
1471,2004.0,Voices of Iraq,
4666,1975.0,Rumpole of the Bailey: The Lost Episode,
15979,1958.0,The 7th Voyage of Sinbad,
5043,1963.0,The Dick Van Dyke Show: Season 3,
5427,1992.0,Crisscross,
1891,2002.0,Les Destinees,
1768,2005.0,Hellraiser: Hellworld,
6384,1999.0,Blind Date: Dates From Hell Uncensored,
10710,1980.0,Tommy & Tuppence: Partners in Crime: Set 1,
8100,1989.0,Doctor Who: The Curse of Fenric,
7579,1994.0,The Glass Shield,
13925,1996.0,Joe's Apartment,
11475,2003.0,The Very Best of America's Funniest Comedians,
15028,2004.0,Boo!,
3395,2005.0,Queer Eye for the Straight Guy: Carson's Style,
7069,1998.0,The Newton Boys,
1122,1980.0,The Attic / Crawl Space (Double Feature),
609,2002.0,Jimmy Neutron: Attack of the Twonkies,
7320,1995.0,One Hundred and One Nights,
13034,1954.0,Knights of the Round Table,
11617,1993.0,Green Snake,
5764,2003.0,.hack//Legend of the Twilight,
15815,2002.0,Changing Lanes,
6302,1999.0,The Bachelor,
5432,1976.0,The Muppet Show: Season 1,
11409,2001.0,The Holy Child,
1494,2000.0,Appalachian Journey: Yo-Yo Ma/Edgar Meyer/Mark O'Connor,
9464,1998.0,Sleepless Town,
12084,2002.0,Adaptation,
1043,1987.0,Outrageous Fortune,
2886,1987.0,Grateful Dead: View from the Vault 4,
14987,2002.0,Bowling for Columbine: Bonus Material,
13689,1996.0,English Babu Desi Mem,
14862,1984.0,Once Upon a Time in America,
14349,2004.0,America's Heart and Soul,
6428,1962.0,To Kill a Mockingbird,
8508,1965.0,The Battle of Algiers: Bonus Material 2,
14856,1995.0,Dead Man Walking,
9056,1985.0,Into the Night,
16980,1957.0,Daughter of Dr. Jekyll,
9379,2000.0,WWII: The Lost Color Archives,
6051,2001.0,X,
11931,2003.0,Brother Bear (Home Viewing Version),
2486,2005.0,Revelations,
378,2003.0,Party Monster,
358,1979.0,The Onion Field,
15617,1996.0,Hype,
4897,1961.0,Nikki: Wild Dog of the North,
4526,2002.0,The Wiggles: Hoop-Dee-Doo!,
8403,2004.0,Bound by Lies,
16019,1979.0,Death Duel of Kung Fu,
11292,1949.0,Little Women,
14906,1993.0,Linnea in Monet's Garden,
16395,1937.0,The Life of Emile Zola,
8280,2000.0,South Park: The Chef Experience,
9980,2002.0,Copenhagen,
7937,2000.0,Finding Forrester,
4437,1998.0,Mari-Cookie and the Killer Tarantula,
9195,1999.0,Bjork: All Is Full of Love,
8285,1970.0,Anand,
2482,1994.0,My Girl 2,
14101,1972.0,Trinity Is Still My Name,
15613,1948.0,A Connecticut Yankee in King Arthur's Court / The Emperor Waltz: Double Feature,
4771,1994.0,Girls in Prison,
5720,2004.0,The Cutting Edge: The Magic of Movie Editing,
7566,1985.0,Friday the 13th: Part 5: A New Beginning,
4111,1998.0,Bram Stoker's Shadowbuilder,
15920,1985.0,L'Effrontee,
14621,2001.0,Shrek (Full-screen),
9671,2004.0,Britney Spears: In the Zone,
1430,2001.0,The House Next Door,
8848,1994.0,Once Were Warriors,
8094,1967.0,Easy Come,
9893,1998.0,Silent Mobius: Vol. 1,
1633,1988.0,The Serpent and the Rainbow,
11567,1981.0,Death Hunt,
6661,1996.0,That Thing You Do!,
8142,2003.0,Pat Metheny: Speaking of Now: Live,
15143,1986.0,MacGyver: Season 2,
3121,1943.0,Ossessione,
12790,1998.0,Phantom of the Opera,
5287,1967.0,Bonnie and Clyde,
2500,1999.0,Escape to Grizzly Mountain,
11675,2002.0,Primal Instinct,
13835,1992.0,Batman the Animated Series: Vol. 2,
3370,1991.0,Murder in New Hampshire,
223,2003.0,Chappelle's Show: Season 1,
14500,1968.0,Heidi,
14766,1998.0,Andrew Lloyd Webber: The Royal Albert Hall Celebration,
3316,2002.0,Bartleby,
6406,2004.0,Fighting Spirit,
1912,1961.0,The Comancheros,
5450,1997.0,Wacky Babies & Tender Times: Marty Stouffer's Wild America,
9576,1942.0,To the Shores of Tripoli,
11732,2003.0,Good Boy!,
8978,2000.0,Choke,
17253,1975.0,The Man Who Skied Down Everest,
12129,1930.0,Bat Whispers,
114,1989.0,Dominion Tank Police Part 1 & 2,
3935,1968.0,Yellow Submarine,
15499,1975.0,Animals Are Beautiful People,
12949,2003.0,Midsomer Murders: A Talent for Life,
3945,1995.0,My Teacher's Wife,
5447,1998.0,No Looking Back,
4991,2005.0,Barbie and the Magic of Pegasus,
6307,1936.0,Pepe le Moko,
5588,2001.0,Jackie Chan Adventures: The Dark Hand Returns,
5116,1955.0,Queen Bee,
6134,2004.0,Collateral,
6376,2001.0,Lajja,
15539,2002.0,Suicide Club,
2175,1996.0,Memories,
13724,1980.0,The Master of Death,
7299,2002.0,The Oscar Wilde Collection: Stage Right,
5013,1992.0,Under Suspicion,
9619,1962.0,The Lucy Show: The Lost Episodes Marathon: Vol. 1,
4795,1996.0,Sexy and Dangerous,
13906,1998.0,The Great Battles of World War II: Battle of Britain,
8979,1992.0,AC/DC: Live at Donington,
9523,1967.0,Waterhole #3,
2752,2005.0,Alien Planet,
8679,1991.0,Necessary Roughness,
17455,1998.0,Jeremiah: The Bible,
3610,1992.0,Lethal Weapon 3,
4204,1999.0,Jimi Hendrix: Live at the Fillmore East,
7488,1999.0,Love Letters,
10715,2000.0,Shakespeare Tragedies: Origins and Style: The Standard Deviants,
6378,1966.0,The Sand Pebbles,
5804,2001.0,Martial Angels,
15602,2002.0,U.S. Seals: Dead or Alive,
16561,1996.0,The Flower of My Secret,
16534,1980.0,American Gigolo,
13159,1995.0,Jack-O,
15721,2004.0,Krav Maga: Basic Combatives,
12251,1970.0,The Andersonville Trial,
4221,1982.0,Timerider,
17767,2004.0,Fidel Castro: American Experience,
14725,1999.0,Austin Powers: The Spy Who Shagged Me,
9426,1986.0,Platoon,
16876,1995.0,The Amazing Panda Adventure,
16305,1999.0,AFI's 100 Years,
8711,2003.0,Lucky Seven,
14343,2001.0,Get Over It,
10377,2004.0,Jack O'Lantern,
15571,2001.0,Johnny Cash: The Anthology,
2603,1996.0,Everybody Loves Raymond: Season 1,
9188,1988.0,Cocktail,
8294,2003.0,Remember Me,
14907,2001.0,Kaze no Yojimbo,
10582,2003.0,Oldboy,
9181,1992.0,Khiladi,
3822,2004.0,Traffic: The Miniseries,
16359,2002.0,Auto Focus,
8257,1998.0,Totally Confused,
16447,2000.0,Another Woman's Husband,
11360,2004.0,Globe Trekker: Scotland,
2627,2000.0,Ringu 0,
14307,2001.0,Felicity: Season 4,
2239,1979.0,The Villain,
11403,1973.0,Day for Night,
2610,1985.0,Star Wars: Ewok Adventures: Caravan of Courage / The Battle for Endor,
9255,2002.0,Inner Senses,
484,1992.0,Danielle Steel's Jewels,
12094,2000.0,Pokemon: The Advanced Master's Guide,
4090,1995.0,Santana: Sacred Fire: Live in Mexico,
9435,2000.0,Committed,
14958,1995.0,Fluke,
10457,1999.0,French: Vol. 1: The Standard Deviants,
6602,1999.0,Shower,
8367,2005.0,Family Guy: Live in Las Vegas,
3252,1990.0,C'est la Vie,
14652,1985.0,Desperately Seeking Susan,
17268,1965.0,Incubus,
14039,1963.0,The Birds,
17041,1999.0,Swing: Cal Pozo's Learn to Dance in Minutes,
2200,2002.0,Collateral Damage,
7459,2000.0,God's Army,
15702,1977.0,Close Encounters of the Third Kind,
4562,1968.0,Hour of the Wolf,
13417,1997.0,Home Alone 3,
15291,1984.0,'Allo 'Allo!: Series 1,
11376,2003.0,Head of State,
5922,1987.0,Stand and Deliver,
6499,2002.0,The Ultimate Carson Collection,
821,1972.0,Slaughter,
3604,1997.0,Wedding Bell Blues,
1115,1991.0,Hammers Over the Anvil,
292,2005.0,Saturday Night Live: The Best of Gilda Radner,
10954,1970.0,The Honeymoon Killers,
10273,1954.0,Bad Day at Black Rock,
654,1975.0,Return of the Chinese Boxer,
3523,1992.0,Star Trek: The Next Generation: Season 6,
15767,1979.0,Dukes of Hazzard: TV Favorites,
14332,1959.0,The Hideous Sun Demon,
15352,2002.0,Fidel: The Castro Project,
4511,2000.0,The Brylcreem Boys,
3222,1994.0,Guarding Tess,
14051,1989.0,Why Has Bodhi Dharma Left for the East?,
12664,1982.0,La Traviata,
7473,1983.0,The Best of He-Man and the Masters of the Universe,
13784,1968.0,The Producers,
931,1998.0,Another Day in Paradise,
3949,1991.0,Terminator 2: Extreme Edition: Bonus Material,
6963,2000.0,Jiang Hu: The Triad Zone,
13939,1975.0,Jacob the Liar,
14397,2000.0,Cheaters,
11246,2000.0,Possessed,
16911,1947.0,The Bishop's Wife,
9923,2000.0,Tenchi Universe,
16760,2003.0,Confidence,
13111,1999.0,The Best of Ripley's Believe It or Not,
7946,2004.0,Rugrats: Holiday Celebration,
12354,1999.0,Genesis: IMAX,
9721,1995.0,Bloodfist 8: Hard Way Out,
7255,2005.0,Jojo's Circus: Take a Bow,
10036,2004.0,Chris Rock: Never Scared,
4462,1997.0,Raven,
9903,1993.0,House Party 2,
2798,1969.0,The Computer Wore Tennis Shoes,
4102,1983.0,Testament,
6142,2003.0,Law & Order: Special Victims Unit: The Fifth Year,
13694,1990.0,Campion: Mystery Mile,
3394,1989.0,Saved by the Bell: Season 1,
14870,1992.0,Sleepwalkers,
17769,2003.0,The Company,
17027,2000.0,Beautiful,
7224,2000.0,The Claim,
15546,1998.0,The Real Blonde,
1398,1999.0,Dangerous Evidence: The Lori Jackson Story,
863,1990.0,King of New York: Special Edition (Full-screen),
7062,2003.0,Cyborg 009,
14806,2001.0,Angel: Season 3,
13455,2004.0,Bryan Kest's Power Yoga,
9924,2001.0,Madeline's Best Manners,
352,1997.0,Pick a Card,
10373,1967.0,Something Weird: Special Edition,
3904,1998.0,The Hole: 2000 Seen By ...,
14696,2002.0,ABBA: The Winner Takes It All,
2702,1995.0,Last of the Summer Wine: Vintage 1995,
6804,1977.0,Smokey and the Bandit / Smokey and the Bandit II: Double Feature,
6915,2002.0,Path to War,
17608,2004.0,Serial Slayer,
567,2003.0,Dunsmore,
7444,1978.0,Sgt. Pepper's Lonely Hearts Club Band,
16576,2002.0,2002 Olympic Figure Skating Exhibition,
11648,1997.0,Good Burger,
13116,1979.0,Unidentified Flying Oddball,
2997,1955.0,The Court-Martial of Billy Mitchell,
6633,2003.0,Foyle's War: Series 1,
17150,2003.0,Saaya,
16919,2002.0,Megadeth: Rude Awakening,
1306,2005.0,Baby Einstein: Baby Monet: Discovering the Seasons,
3091,2000.0,Live Nude Girls Unite!,
7722,1999.0,Power Stone: Vol. 1: Mystery of the Stones,
12057,2001.0,American Desi,
10419,2000.0,Gossip,
12408,1994.0,The Neverending Story 3: Escape From Fantasia,
15258,1987.0,Sam Kinison: Family Entertainment Hour,
1036,1999.0,Coral Sea Dreaming,
5387,1991.0,Dutch,
16487,2004.0,Zodiac Killer,
14331,1997.0,What the Deaf Man Heard,
327,1997.0,Storefront Hitchcock,
4041,2004.0,Mobile Suit Gundam SEED,
10115,1964.0,The Long Ships,
12537,2003.0,Undermind,
55,1995.0,Jade,
5268,2004.0,Denis Leary: The Complete Denis Leary,
5736,2005.0,UFC 51: Ultimate Fighting Championship: Super Saturday,
2933,2000.0,Directors: Spike Lee,
5949,1966.0,The Shakiest Gun in the West / The Love God?: Double Feature,
16096,1999.0,Island of the Sharks: IMAX,
14184,1967.0,Spider-Man: The '67 Classic Collection,
5031,2002.0,Satin Rouge,
7269,1999.0,No Vacancy,
736,2002.0,The Last Man,
11225,1990.0,The Sheltering Sky,
3475,1999.0,Batman Beyond: The Movie,
4950,2001.0,Discovering England,
8066,2003.0,Amandla! A Revolution in Four Part Harmony,
4825,1985.0,"Brazil: The ""Love Conquers All"" Version",
721,1994.0,Royal Deceit,
12413,1993.0,The Wonderful,
13309,1995.0,Magic in the Water,
427,1990.0,Graveyard Shift,
14016,1992.0,Housesitter,
7342,2004.0,The Green Butchers,
7890,1977.0,Best of The Muppet Show: George Burns / Bob Hope / Dom DeLuise,
3583,1994.0,Exit to Eden,
10389,2002.0,The Cockettes,
15135,2004.0,Striptease: The Greatest Exotic Dancers of All Time,
4639,1993.0,Wide Sargasso Sea,
11913,1965.0,Darling,
5218,2003.0,Superman & Friends,
3435,2000.0,The House of Seven Corpses,
6291,1976.0,King Kong,
17554,1998.0,Wide Awake,
3996,1999.0,Travel the World by Train: Australia & New Zealand,
421,2003.0,Agatha Christie's Poirot: Sad Cypress,
285,1997.0,The Devil's Own,
1698,1999.0,Escape from Alaska,
10301,2003.0,Soul Hunter,
8605,1958.0,The Old Man and the Sea,
380,1992.0,Live Wire,
5294,1952.0,Tom and Jerry: Whiskers Away!,
2936,1963.0,Kingdom of Crooked Mirrors,
8571,1997.0,The X-Files: Season 5,
6885,1987.0,Seasons: IMAX,
3590,1963.0,Jason and the Argonauts,
12529,1998.0,Darkness Falls,
7822,1986.0,Millionaire's Express,
7771,1986.0,The Best of Times,
12477,1996.0,Marley Magic,
9053,2001.0,The Item,
16841,1988.0,The Thin Blue Line,
6455,2005.0,Vampires: The Turning,
11435,1969.0,Paint Your Wagon,
9479,2002.0,The Cuckoo,
7709,1987.0,Surf Nazis Must Die,
3473,1965.0,Shakespeare Wallah,
11584,1991.0,Ernest Scared Stupid,
6613,2000.0,The Twilight Zone: Vol. 29,
3211,1995.0,Marmalade Boy: Ultimate Scrapbook: Vol. 3,
14736,1986.0,Amazons,
2931,2000.0,Cutaway,
8497,1971.0,Support Your Local Gunfighter,
7655,1996.0,The Best Bits of Mr. Bean,
8604,1963.0,Les Carabiniers,
8728,2001.0,O,
17696,1985.0,Ghoulies / Ghoulies II: Double Feature,
6279,2001.0,Crunch: The Perfect Yoga Workout,
3363,1995.0,Grim,
8181,1995.0,The Net,
9865,2003.0,Miracles: The Complete Series,
3296,2004.0,Once Upon a Time,
9799,1954.0,Comedy Noir Collection: Beat the Devil / That Uncertain Feeling,
4171,1996.0,Mars Attacks!,
3208,2000.0,All I Wanna Do,
15415,1984.0,Thief of Hearts,
15963,1966.0,Seconds,
5273,2004.0,Ani DiFranco: Trust,
15120,2000.0,Voodoo Academy,
13739,1991.0,The Fresh Prince of Bel Air: Season 2,
13703,2001.0,Fugazi: Instrument,
4554,1986.0,Van Halen: Live Without a Net,
6399,2002.0,I Am Trying to Break Your Heart: A Film About Wilco: Bonus Material,
6316,2004.0,New England Metal Hardcore Festival 2003,
10466,1955.0,Lady and the Tramp,
12524,2004.0,Spider-Man: The Return of the Green Goblin,
4885,1963.0,Combat! Season 2: Mission 2,
222,1998.0,Yellow,
16751,2003.0,Casa de los Babys,
6016,1996.0,Mrs. Winterbourne,
6203,1998.0,You're Invited to Mary-Kate and Ashley's Favorite Parties,
2813,2004.0,Bad Education,
1945,2001.0,From Hell: Bonus Material,
13544,1974.0,After School Specials: 1974-1976,
15802,1944.0,Laura,
16650,1999.0,Travel the World by Train: South America,
4044,1998.0,Subspecies 4: Bloodstorm,
8884,2002.0,Crush,
11375,2000.0,The Convent,
13532,1954.0,Carmen Jones,
3658,1988.0,Zombie 3,
5513,1990.0,Mr. Bean: The Whole Bean,
15548,1969.0,H.R. Pufnstuf,
2326,2002.0,The Laramie Project,
14836,1988.0,Care Bears: Bears Share a Scare,
1607,2004.0,Superbabies: Baby Geniuses 2,
8171,1995.0,Boys on the Side,
17459,1972.0,Buck and the Preacher,
4279,1978.0,Semi-Tough,
17122,1988.0,Swan Lake: Tchaikovsky (Natalia Makarova),
6867,1930.0,Landmarks of Early Film #2: Magic Melies,
10164,1979.0,Danger UXB,
8601,1997.0,Rebirth of Mothra 1 & 2: Double Feature,
11481,1994.0,Burned Bridge,
1277,1988.0,Red Dwarf: Series 3,
6736,2005.0,Robots,
6225,1975.0,The Magic Flute,
14230,1983.0,D.C. Cab,
8417,2001.0,3 A.M.,
17243,1991.0,Warlock,
14961,2003.0,Lord of the Rings: The Return of the King: Extended Edition,
8750,2002.0,Nightstalker,
2271,1998.0,Ratcatcher,
2316,1983.0,Breathless,
14451,2005.0,Pit Fighter,
5423,2002.0,Invincible,
2517,2004.0,Bjork: The Inner or Deep Part of an Animal or Plant Structure,
9433,1971.0,Fiddler on the Roof,
17087,1966.0,Doctor Who: Seeds of Death,
12393,2003.0,Crime Spree,
16590,2001.0,Beyblade: G Revolution,
9858,2005.0,Subzero,
5542,1987.0,Making Mr. Right,
10650,2001.0,Little Polar Bear,
12510,1999.0,Sesame Street: Babies,
4033,2005.0,Alias: Season 4,
7208,1991.0,The Doors,
11989,2005.0,Lupin the 3rd: Dead or Alive,
10220,1995.0,Gloria Estefan: Everlasting Gloria,
15885,1988.0,Alien Nation,
7589,1996.0,Big Night,
9442,2004.0,The Chronicles of Riddick,
11062,1994.0,Shallow Grave,
16668,1992.0,A Few Good Men,
6425,1934.0,Cartoons That Time Forgot: UB Iwerks Collection: Vol. 2,
17745,2002.0,Russell Simmons Presents Def Poetry: Season 1,
16234,2003.0,The Pentagon Papers,
6830,1996.0,The 1964 World's Fair,
9851,1959.0,Never So Few,
17551,2001.0,G-Men From Hell,
16473,1996.0,We Remember Marilyn,
842,1942.0,Reap the Wild Wind,
6106,2000.0,The Jazz Channel: Chaka Khan,
5134,1961.0,Salvatore Giuliano,
9658,1994.0,Death Wish 5: The Face of Death,
4919,1997.0,South Park: Passion of the Jew,
8028,1993.0,White Lotus Cult,
8973,2004.0,The Spartans,
10157,2002.0,The Lost Battalion,
6845,2001.0,Shaolin: Wheel of Life,
3887,1972.0,Aguirre: The Wrath of God,
3572,2001.0,Aftermath: The Remnants of War,
11196,2003.0,Outkast: The Videos,
4851,2002.0,Conduct Zero,
5350,1985.0,Vagabond,
15437,2002.0,South Park: Season 6,
11601,1999.0,The Wishing Tree,
10944,1985.0,Re-Animator,
1011,1983.0,All the Right Moves,
17288,2004.0,Billy Blanks: Tae Bo Foundation / Energy,
8479,2001.0,Fighting for Love,
1600,1995.0,Poison Ivy 2,
13785,2003.0,Tokyo Godfathers,
1428,2003.0,The Recruit,
7684,1996.0,The Jamie Foxx Show: Season 1,
3074,2004.0,Ethics and the World Crisis: A Dialogue with the Dalai Lama,
6434,1994.0,The Crow: Bonus Material,
448,2001.0,Oswald: Welcome to the Big City!,
16285,1992.0,Porco Rosso,
13275,2004.0,Anything But Love,
7460,2002.0,The Day of the Wacko,
978,2000.0,Yi Yi,
10355,1997.0,Diary of a Serial Killer,
7781,2002.0,Touching Wild Horses,
13921,2002.0,Searching for Debra Winger,
7714,2001.0,Federal Protection,
8299,1982.0,National Lampoon's Class Reunion,
3377,2004.0,Unsolved History: Jack the Ripper,
13577,1997.0,Mad City,
5703,1981.0,Lucio Fulci: The House by the Cemetery,
8105,2003.0,The Jungle Book 2,
15761,1961.0,The Nude Set,
5964,1990.0,Ghayal,
7794,1995.0,Ned and Stacey: Season 1,
15794,1977.0,Walking Tall: The Final Chapter,
10653,1996.0,Werewolf,
13834,1997.0,National Geographic: Killer Wave: Power of the Tsunami,
14939,1952.0,The White Sheik,
14338,2001.0,Blood Moon,
7557,1995.0,The Outer Limits: The New Series: Time Travel and Infinity,
15419,1998.0,Profiler: Season 3,
9552,1997.0,I.M. Pei,
10796,1969.0,The Oblong Box / Scream and Scream Again (Double Feature),
1359,1975.0,Funny Lady,
7656,1999.0,George Michael: Ladies & Gentlemen: The Best of George Michael,
10609,1978.0,Best of The Muppet Show: Harry Belafonte / Linda Ronstadt / John Denver,
11348,2004.0,Carmen Electra's Fit to Strip,
3596,1999.0,The Grandfather,
11118,1965.0,Harum Scarum,
11538,1996.0,Fetishes,
15663,1983.0,Rumpole of the Bailey: Series 3,
4966,1990.0,The Hot Spot,
7647,1982.0,Diner,
7048,2003.0,Agent Cody Banks,
3580,1985.0,Rick Springfield: The Beat of the Live Drum,
5175,2002.0,Under One Roof,
10892,2001.0,The Unsaid,
12823,2005.0,Russell Simmons Presents Def Poetry: Season 3,
16023,1996.0,Love Is All There Is,
5349,2004.0,Gankutsuou: The Count of Monte Cristo,
16738,1982.0,Eating Raoul,
14006,1990.0,Loose Cannons,
5442,2004.0,Libertarias,
15100,2003.0,Before We Ruled the Earth: Hunt or Be Hunted,
7855,1946.0,The Courage of Lassie,
8292,2004.0,Star Wars: Clone Wars: Vol. 1,
5759,2003.0,Empires: Kingdom of David: The Saga of the Israelites,
15861,2001.0,CSI: Season 2,
5503,1979.0,Salem's Lot,
10953,2003.0,Dangerous Liaisons (Short English Version),
1167,1999.0,La Buche,
11090,1999.0,Stir of Echoes,
6210,1988.0,Veronico Cruz,
10276,1950.0,Rashomon,
6960,1977.0,The Goodbye Girl,
13271,2001.0,Double Whammy,
11418,1999.0,Bridge of Dragons,
1145,2001.0,The Wedding Planner,
11428,2004.0,This So-Called Disaster,
9882,1997.0,The Fifth Element,
10091,1998.0,Tokyo Eyes,
13321,2001.0,Kuch Khatti Kuch Meethi,
6464,2002.0,Unfaithful,
131,2002.0,Arachnid,
410,1998.0,Frank Lloyd Wright,
4008,2002.0,David Blaine: Fearless,
17129,1997.0,The Devil's Advocate,
12403,2001.0,Science of the Swastika,
3223,1929.0,Nosferatu: Original Version,
150,2001.0,Firetrap,
17723,2004.0,Redemption,
2055,1994.0,Andaz Apna Apna,
2499,2001.0,America's Sweethearts,
95,1985.0,Dona Herlinda and Her Son,
7607,2004.0,Dirty Dancing: Havana Nights,
16581,2005.0,The Life and Times of Frida Kahlo,
9515,2000.0,If You Only Knew,
10084,1936.0,Mr. Deeds Goes to Town,
10689,1981.0,Le Nozze di Figaro: Mozart: Drottningholm Court Theatre,
12306,1988.0,Red Dwarf: Series 1: Bonus Material,
12882,1997.0,Lilith Fair: A Celebration of Women in Music,
11098,1987.0,Wish You Were Here,
6815,1971.0,A Man Called Sledge,
1497,2003.0,Red Water,
2406,1994.0,A Touch of Frost: Season 2,
12433,1961.0,Mr. Sardonicus,
13831,1948.0,Unfaithfully Yours,
1,2003.0,Dinosaur Planet,
5743,1997.0,Black Thunder,
58,1996.0,Dragonheart,
6875,1997.0,Andrea Bocelli: A Night in Tuscany,
14948,2003.0,Pearl Jam: Live at the Garden,
16091,1997.0,Firelight,
10813,1992.0,The Kennedys: American Experience,
7984,1993.0,Star Trek: Deep Space Nine: Season 1,
7766,2002.0,Endangered Species,
10570,1964.0,The World of Henry Orient,
10680,1998.0,Hurlyburly,
2502,1982.0,The Plague Dogs,
10926,2004.0,Employee of the Month,
13063,1997.0,That Darn Cat,
15300,1953.0,Calamity Jane,
4906,1999.0,Stuart Little,
12142,1995.0,Wife,
12891,2003.0,24: Season 3,
11570,1962.0,Electra,
7729,1988.0,Inspector Wears Skirts,
9700,1994.0,Virtual Combat,
14764,1958.0,The Defiant Ones,
6677,1998.0,Desperate Measures,
17733,2002.0,13th Child: Legend of the Jersey Devil,
7169,1998.0,Palmetto,
17665,1998.0,Shark Skin Man and Peach Hip Girl,
11026,2002.0,Inu-Yasha: The Movie 2: The Castle Beyond the Looking Glass,
11751,1977.0,Suspiria,
15338,1935.0,Barbary Coast,
7249,2004.0,Alfie,
17336,1995.0,Danielle Steel's Mixed Blessings,
7884,2002.0,The Other Side of the Bed,
13596,1998.0,Monument Ave.,
6823,1962.0,Fireball XL5,
3947,2003.0,Spinning Boris,
7137,2000.0,GateKeepers,
1635,1997.0,Striking Resemblance,
13557,1995.0,Star Trek: Deep Space Nine: Season 4,
5039,2003.0,Detention,
5904,1962.0,The Counterfeit Traitor,
14390,2004.0,The Firm Body Sculpting System: Total Muscle Shaping,
14677,1987.0,I'll Take Manhattan,
16281,2002.0,Carrie,
2994,1946.0,Road to Utopia,
6683,2000.0,Ginger Snaps,
13186,1995.0,Neon Genesis Evangelion: Death and Rebirth,
10677,1976.0,Woyzeck,
13679,1986.0,Sting: Bring on the Night,
16271,1954.0,Robinson Crusoe,
103,1976.0,Sanford and Son: Season 6,
4731,2004.0,Sexmission,
1499,2000.0,FLCL,
5722,2000.0,Born to Be King: Young and Dangerous 6,
6335,1980.0,Terror Train,
14706,1993.0,Mystery Science Theater 3000: Gunslinger,
10592,2002.0,Skinwalkers,
7773,1989.0,Henry V,
15146,1963.0,Beach Party / Bikini Beach,
15101,1999.0,Crazy in Alabama,
5909,2004.0,Code 46,
3214,2004.0,Wing Chun: Self Defense,
10495,2000.0,Land of the Mammoth,
2215,1999.0,Classic Albums: Phil Collins: Face Value,
6495,1969.0,Alice's Restaurant,
15627,1981.0,Excalibur,
16718,1989.0,Dream a Little Dream,
7508,2001.0,Chillicothe,
9566,1987.0,Inspector Morse 1: The Dead of Jericho,
9337,1979.0,Three's Company: Season 4,
10769,1979.0,The Legacy,
8917,1972.0,Night Call Nurses,
15468,1997.0,Mahalia Jackson: The Power and the Glory,
14305,1992.0,Wild Orchid 2,
641,1968.0,Charly,
2251,1990.0,The Rookie,
9265,1992.0,Batman Returns,
15443,1983.0,Superman III,
17528,2001.0,Megiddo: The Omega Code 2,
7970,1947.0,Life With Father,
17205,2005.0,Eminem Presents: The Anger Management Tour,
9162,1991.0,K.D. Lang: Harvest of Seven Years -- Cropped & Chronicled,
12196,2002.0,OT: Our Town,
8889,1976.0,Mother,
15676,1946.0,Sherlock Holmes: Terror by Night,
14521,2001.0,Roswell: Season 3,
2849,1974.0,Frosty's Winter Wonderland / 'Twas the Night Before Christmas,
10882,1999.0,Earthly Possessions,
10001,1994.0,Chef!: Series 2,
3847,1997.0,Swept from the Sea,
5538,1979.0,Monty Python's Life of Brian,
2142,2004.0,The Phantom of the Opera: Special Edition: Bonus Material,
17490,1997.0,Fairy Tale: A True Story,
7949,2004.0,WWE Divas: South of the Border,
3600,1997.0,Head Above Water,
3299,1991.0,Clarissa Explains It All: Season 1,
16141,2004.0,Big Bird in Japan,
16566,1973.0,The Waltons: Season 2,
11759,1954.0,Young at Heart,
5660,2004.0,Bite Me!,
8432,1971.0,Get Carter,
11743,2001.0,Kira's Reason: A Love Story,
9513,1989.0,Tales from the Crypt: Season 1,
8577,1978.0,The Water Babies,
13846,1999.0,Absence of the Good,
11520,2001.0,Tales From the Neverending Story: The Gift,
13395,2002.0,Jessica Simpson: Dream Chaser,
2563,1978.0,The Cat and the Canary,
4507,1991.0,Class Action,
2472,1998.0,The Gingerbread Man,
4849,1981.0,Taps,
15059,1983.0,Boogeyman 2,
8539,1919.0,The Cabinet of Dr. Caligari,
3483,1999.0,Soft Hearts,
6628,2004.0,Arna's Children,
2118,1944.0,It Happened Tomorrow,
17282,1963.0,The Leopard (English Dubbed Version),
2130,1998.0,Citizen X,
13100,1989.0,Kiki's Delivery Service,
4329,1977.0,Jungle Holocaust,
16920,1963.0,The Twilight Zone: Vol. 11,
1640,2002.0,Stakes,
15393,1999.0,Big Daddy,
13843,2003.0,15 Minute Workouts for Dummies,
11840,1979.0,Nosferatu the Vampyre,
10905,1994.0,Dream Lover,
4231,1985.0,Heroes Shed No Tears,
9017,1945.0,Blood on the Sun,
13851,2000.0,Ellen DeGeneres: The Beginning,
10063,1985.0,Transformers: Season 2: Part I,
4837,1986.0,Howling II: Your Sister Is a Werewolf,
7925,1957.0,Il Grido,
2642,2001.0,Double Bang,
9684,1996.0,Legend of Crystania: The Motion Picture,
2445,2002.0,We Were the Mulvaneys,
6974,1995.0,The Usual Suspects,
9530,2002.0,Vietnam: We Were Heroes 1st Cavalry Division Airmobile,
7512,2000.0,Poor White Trash,
5768,2002.0,Ultimate X,
5136,1976.0,F for Fake,
9939,2005.0,Monster-in-Law,
7337,1999.0,Thicker than Water,
